Player Name,Player ID
James Harden,hardeja01
Paul George,georgpa01
Giannis Antetokounmpo,antetgi01
Joel Embiid,embiijo01
LeBron James,jamesle01
Stephen Curry,curryst01
Devin Booker,bookede01
Kawhi Leonard,leonaka01
Kevin Durant,duranke01
Anthony Davis,davisan02
Damian Lillard,lillada01
Bradley Beal,bealbr01
Kemba Walker,walkeke02
Blake Griffin,griffbl01
Karl-Anthony Towns,townska01
Kyrie Irving,irvinky01
Donovan Mitchell,mitchdo01
Zach LaVine,lavinza01
Russell Westbrook,westbru01
Klay Thompson,thompkl01
Julius Randle,randlju01
LaMarcus Aldridge,aldrila01
DeMar DeRozan,derozde01
Luka Doncic,doncilu01
Jrue Holiday,holidjr01
Mike Conley,conlemi01
D'Angelo Russell,russeda01
CJ McCollum,mccolcj01
Nikola Vucevic,vucevni01
Buddy Hield,hieldbu01
John Wall,walljo01
Nikola Jokic,jokicni01
Tobias Harris,harrito02
JaKarr Sampson,sampsja02
Lou Williams,willilo02
Danilo Gallinari,gallida01
John Collins,collijo01
Trae Young,youngtr01
Victor Oladipo,oladivi01
Jimmy Butler,butleji01
Kyle Kuzma,kuzmaky01
Lauri Markkanen,markkla01
Brandon Ingram,ingrabr01
Khris Middleton,middlkh01
Jamal Murray,murraja01
Tim Hardaway Jr.,hardati02
JJ Redick,redicjj01
Andrew Wiggins,wiggian01
Bojan Bogdanovic,bogdabo02
Derrick Rose,rosede01
T.J. Warren,warretj01
Andre Drummond,drumman01
De'Aaron Fox,foxde01
R.J. Hunter,hunterj01
Kevin Love,loveke01
Pascal Siakam,siakapa01
Ben Simmons,simmobe01
Jordan Clarkson,clarkjo01
Spencer Dinwiddie,dinwisp01
Collin Sexton,sextoco01
Clint Capela,capelca01
Montrezl Harrell,harremo01
Josh Richardson,richajo01
Harrison Barnes,barneha02
Deandre Ayton,aytonde01
DeMarcus Cousins,couside01
Eric Gordon,gordoer01
Aaron Gordon,gordoaa01
Eric Bledsoe,bledser01
Rudy Gobert,goberru01
Jayson Tatum,tatumja01
Jonas Valanciunas,valanjo01
Malcolm Brogdon,brogdma01
Jusuf Nurkic,nurkiju01
Chris Paul,paulch01
Dennis Schroder,schrode01
Reggie Jackson,jacksre01
Jeremy Lamb,lambje01
Kelly Oubre Jr.,oubreke01
Nikola Mirotic,mirotni01
Evan Fournier,fournev01
Terrence Ross,rosste01
Serge Ibaka,ibakase01
Dwyane Wade,wadedw01
Marvin Bagley III,baglema01
Emmanuel Mudiay,mudiaem01
Jabari Parker,parkeja01
Walt Lemon Jr.,lemonwa01
Bobby Portis,portibo01
Kyle Lowry,lowryky01
Bogdan Bogdanovic,bogdabo01
Domantas Sabonis,sabondo01
Otto Porter Jr.,porteot01
Steven Adams,adamsst01
Marcus Morris,morrima03
Jaren Jackson Jr.,jacksja02
Enes Freedom,kanteen01
Goran Dragic,dragigo01
Rudy Gay,gayru01
Joe Harris,harrijo01
Caris LeVert,leverca01
Marc Gasol,gasolma01
Dennis Smith Jr.,smithde03
Jerami Grant,grantje01
Al Horford,horfoal01
Taurean Prince,princta02
Carmelo Anthony,anthoca01
Robert Covington,covinro01
Myles Turner,turnemy01
Jaylen Brown,brownja02
Cedi Osman,osmande01
Gary Harris,harriga01
Dwight Howard,howardw01
Kevin Knox,knoxke01
Ricky Rubio,rubiori01
Paul Millsap,millspa01
Justise Winslow,winslju01
Thaddeus Young,youngth01
Trevor Ariza,arizatr01
Brook Lopez,lopezbr01
Jeff Green,greenje02
Hassan Whiteside,whiteha01
Wesley Matthews,matthwe02
Joe Ingles,inglejo01
Jeff Teague,teaguje01
JaVale McGee,mcgeeja01
Dion Waiters,waitedi01
Willie Cauley-Stein,caulewi01
Jae Crowder,crowdja01
E'Twaun Moore,mooreet01
Derrick Favors,favorde01
Bryn Forbes,forbebr01
D.J. Augustin,augusdj01
Kent Bazemore,bazemke01
Will Barton,bartowi01
Gordon Hayward,haywago01
Josh Jackson,jacksjo02
Kentavious Caldwell-Pope,caldwke01
Reggie Bullock,bullore01
Malik Beasley,beaslma01
Kris Dunn,dunnkr01
Rodney Hood,hoodro01
Darren Collison,collida01
DeMarre Carroll,carrode01
Alex Len,lenal01
DeAndre Jordan,jordade01
Fred VanVleet,vanvlfr01
Trey Burke,burketr01
Tyler Johnson,johnsty01
Jarrett Allen,allenja01
J.J. Barea,bareajo01
Tristan Thompson,thomptr01
Allonzo Trier,trieral01
Dewayne Dedmon,dedmode01
Taj Gibson,gibsota01
Shai Gilgeous-Alexander,gilgesh01
Damyean Dotson,dotsoda01
Dario Saric,saricda01
Elfrid Payton,paytoel01
Dwight Powell,poweldw01
Justin Holiday,holidju01
Marco Belinelli,belinma01
Thomas Bryant,bryanth01
Kenneth Faried,farieke01
Monte Morris,morrimo01
Wayne Ellington,ellinwa01
Wendell Carter Jr.,cartewe01
Danny Green,greenda02
Tyreke Evans,evansty01
Marvin Williams,willima02
Cody Zeller,zelleco01
Kelly Olynyk,olynyke01
Avery Bradley,bradlav01
Kadeem Allen,allenka01
Lonzo Ball,balllo01
Patty Mills,millspa02
Derrick White,whitede01
Kevin Huerter,huertke01
Luke Kennard,kennalu01
Jeremy Lin,linje01
Nemanja Bjelica,bjeline01
Allen Crabbe,crabbal01
Jonathan Isaac,isaacjo01
Robin Lopez,lopezro01
Tony Parker,parketo01
Markieff Morris,morrima02
JaMychal Green,greenja01
Al-Farouq Aminu,aminual01
Danuel House Jr.,houseda01
Larry Nance Jr.,nancela02
Shabazz Napier,napiesh01
Nicolas Batum,batumni01
Jalen Brunson,brunsja01
Alex Caruso,carusal01
Gerald Green,greenge01
Rajon Rondo,rondora01
Landry Shamet,shamela01
Terry Rozier,roziete01
Ivica Zubac,zubaciv01
Bam Adebayo,adebaba01
Rondae Hollis-Jefferson,holliro01
Malik Monk,monkma01
Tomas Satoransky,satorto01
Marcus Smart,smartma01
Ish Smith,smithis01
Alec Burks,burksal01
Mario Hezonja,hezonma01
Delon Wright,wrighde01
Kyle Korver,korveky01
Frank Kaminsky,kaminfr01
Norman Powell,powelno01
Rodions Kurucs,kurucro01
Trey Lyles,lylestr01
DeAndre' Bembry,bembrde01
Langston Galloway,gallola01
Noah Vonleh,vonleno01
Mikal Bridges,bridgmi01
Bruno Caboclo,cabocbr01
Christian Wood,woodch01
Markelle Fultz,fultzma01
Richaun Holmes,holmeri01
Darius Miller,milleda01
Jahlil Okafor,okafoja01
Austin Rivers,riverau01
Frank Jackson,jacksfr01
Isaiah Thomas,thomais02
Kyle Anderson,anderky01
Davis Bertans,bertada01
Jamal Crawford,crawfja01
Seth Curry,curryse01
Garrett Temple,templga01
Josh Hart,hartjo01
James Johnson,johnsja01
Mason Plumlee,plumlma01
Ante Zizic,zizican01
Tyler Zeller,zellety01
Maurice Harkless,harklma01
Josh Okogie,okogijo01
George Hill,hillge01
Patrick Beverley,beverpa01
Jake Layman,laymaja01
Rodney McGruder,mcgruro01
Iman Shumpert,shumpim01
Shelvin Mack,macksh01
Miles Bridges,bridgmi02
Dillon Brooks,brookdi01
Dorian Finney-Smith,finnedo01
Chandler Parsons,parsoch01
Vince Carter,cartevi01
Draymond Green,greendr01
Boban Marjanovic,marjabo01
Dwayne Bacon,bacondw01
Antonio Blakeney,blakean01
Willy Hernangomez,hernawi01
Doug McDermott,mcderdo01
Dirk Nowitzki,nowitdi01
Mitchell Robinson,robinmi01
P.J. Tucker,tuckepj01
Justin Jackson,jacksju01
Lance Stephenson,stephla01
Luol Deng,denglu01
Joakim Noah,noahjo01
Mike Muscala,muscami01
OG Anunoby,anunoog01
Michael Beasley,beaslmi01
Harry Giles,gilesha01
Derrick Jones Jr.,jonesde02
Luke Kornet,kornelu01
Wayne Selden,seldewa01
Stanley Johnson,johnsst04
Pat Connaughton,connapa01
Quinn Cook,cookqu01
Dante Exum,exumda01
Terrance Ferguson,fergute01
Tyus Jones,jonesty01
Brandon Knight,knighbr03
Ersan Ilyasova,ilyaser01
Maxi Kleber,klebima01
Evan Turner,turneev01
James Ennis III,ennisja01
Ryan Arcidiacono,arcidry01
Ian Clark,clarkia01
Michael Kidd-Gilchrist,kiddgmi01
Devin Robinson,robinde01
J.R. Smith,smithjr01
Zhaire Smith,smithzh01
MarShon Brooks,brookma01
Zach Collins,colliza01
Jonathon Simmons,simmojo02
Billy Garrett,garrebi01
Shaquille Harrison,harrish01
Cory Joseph,josepco01
David Nwaba,nwabada01
Johnathan Williams,willijo04
C.J. Miles,milescj01
Sterling Brown,brownst02
Gorgui Dieng,dienggo01
T.J. McConnell,mccontj01
Jodie Meeks,meeksjo01
Cameron Payne,payneca01
Omri Casspi,casspom01
Devin Harris,harride01
Jonas Jerebko,jerebjo01
Kevon Looney,looneke01
Tyler Dorsey,dorsety01
Mo Bamba,bambamo01
Troy Daniels,danietr01
Sam Dekker,dekkesa01
Jerryd Bayless,bayleje01
Kenrich Williams,willike04
Isaiah Canaan,canaais01
Wilson Chandler,chandwi01
Cheick Diallo,diallch01
Henry Ellenson,ellenhe01
Tony Snell,snellto01
Matthew Dellavedova,dellama01
Nik Stauskas,stausni01
Yogi Ferrell,ferreyo01
Aaron Holiday,holidaa01
Meyers Leonard,leoname01
Jordan McRae,mcraejo01
Omari Spellman,spellom01
Mike Scott,scottmi01
Ed Davis,davised01
Juancho Hernangomez,hernaju01
Furkan Korkmaz,korkmfu01
Ivan Rabb,rabbiv01
D.J. Wilson,wilsodj01
Tony Bradley,bradlto01
Torrey Craig,craigto01
Andre Iguodala,iguodan01
Frank Ntilikina,ntilila01
Elie Okobo,okoboel01
Daniel Theis,theisda01
Grayson Allen,allengr01
Aron Baynes,baynear01
John Henson,hensojo01
Jakob Poeltl,poeltja01
Chasson Randle,randlch01
Damian Jones,jonesda03
Greg Monroe,monrogr01
Tim Frazier,fraziti01
Alex Abrines,abrinal01
Treveon Graham,grahatr01
Raul Neto,netora01
Troy Williams,willitr02
Chandler Hutchison,hutchch01
Royce O'Neale,onealro01
Jalen Jones,jonesja04
Frank Mason III,masonfr01
Alex Poythress,poythal01
Brandon Sampson,sampsbr01
Thon Maker,makerth01
Keita Bates-Diop,bateske01
Dragan Bender,bendedr01
Marcin Gortat,gortama01
Wes Iwundu,iwundwe01
Luc Mbah a Moute,mbahalu01
De'Anthony Melton,meltode01
Cameron Reynolds,reynoca01
Anthony Tolliver,tollian01
Corey Brewer,breweco01
Bonzie Colson,colsobo01
Donte DiVincenzo,divindo01
Jared Dudley,dudleja01
Damion Lee,leeda03
Nerlens Noel,noelne01
Michael Carter-Williams,cartemi01
Khem Birch,birchkh01
Troy Brown Jr.,browntr01
Moritz Wagner,wagnemo01
John Jenkins,jenkijo01
Jonah Bolden,boldejo01
Devonte' Graham,grahade01
Alfonzo McKinnie,mckinal01
Timothe Luwawu-Cabarrot,luwawti01
Johnathan Motley,motlejo01
Jemerrio Jones,jonesje01
Theo Pinson,pinsoth01
Lance Thomas,thomala01
Bismack Biyombo,biyombi01
Jevon Carter,carteje01
Shake Milton,miltosh01
Miles Plumlee,plumlmi01
Bruce Brown,brownbr01
Raymond Felton,feltora01
Solomon Hill,hillso01
Mitch Creek,creekmi01
Marquese Chriss,chrisma01
Jaron Blossomgame,blossja01
Marcus Derrickson,derrima01
Jerian Grant,grantje02
Glenn Robinson III,robingl02
Ian Mahinmi,mahinia01
Courtney Lee,leeco01
Ryan Broekhoff,broekry01
Deyonta Davis,davisde01
Cristiano Felicio,feliccr01
Dusty Hannahs,hannadu01
Isaiah Hicks,hicksis01
Shaun Livingston,livinsh01
Tahjere McCall,mccalta01
Abdel Nader,naderab01
Georges Niang,niangge01
Pau Gasol,gasolpa01
Ray Spalding,spaldra01
Amir Johnson,johnsam01
T.J. Leaf,leaftj01
Ben McLemore,mclembe01
Salah Mejri,mejrisa01
Zaza Pachulia,pachuza01
Brad Wanamaker,wanambr01
Jon Leuer,leuerjo01
Thabo Sefolosha,sefolth01
Anfernee Simons,simonan01
Rawle Alkins,alkinra01
Justin Anderson,anderju01
Hamidou Diallo,diallha01
Jimmer Fredette,fredeji01
Demetrius Jackson,jacksde01
Kosta Koufos,koufoko01
Gary Payton II,paytoga02
Channing Frye,fryech01
Nene,hilarne01
Daryl Macon,maconda01
Patrick Patterson,pattepa01
Alan Williams,willial03
Andrew Bogut,bogutan01
Isaiah Briscoe,briscis01
Malcolm Miller,millema01
Kyle O'Quinn,oquinky01
Tyrone Wallace,wallaty01
Wesley Johnson,johnswe01
Jerome Robinson,robinje01
Emanuel Terry,terryem01
Jason Smith,smithja02
B.J. Johnson,johnsbj01
Jordan Bell,belljo01
Chris Boucher,bouchch01
Semi Ojeleye,ojelese01
Duncan Robinson,robindu01
Andrew Harrison,harrian01
Svi Mykhailiuk,mykhasv01
Jaylen Adams,adamsja01
PJ Dozier,doziepj01
Milos Teodosic,teodomi01
Tyson Chandler,chandty01
Skal Labissiere,labissk01
Dante Cunningham,cunnida01
Daniel Hamilton,hamilda02
Isaac Humphries,humphis01
J.P. Macura,macurjp01
Jordan Sibert,siberjo01
Gary Clark,clarkga01
Edmond Sumner,sumneed01
Dairis Bertans,bertada02
Jarell Martin,martija01
Gary Trent Jr.,trentga02
Patrick McCaw,mccawpa01
Deonte Burton,burtode02
Lonnie Walker IV,walkelo01
Yuta Watanabe,watanyu01
C.J. Williams,willicj01
Ryan Anderson,anderry01
Troy Caupain,caupatr01
Udonis Haslem,hasleud01
Scott Machado,machasc01
Jaylen Morris,morrija01
Robert Williams,williro04
James Nunnally,nunnaja01
Jordan Loyd,loydjo01
Jose Calderon,caldejo01
Amile Jefferson,jeffeam01
Khyri Thomas,thomakh01
Ekpe Udoh,udohek01
Guerschon Yabusele,yabusgu01
Nick Young,youngni01
Jared Terrell,terreja01
Julian Washburn,washbju01
Lorenzo Brown,brownlo01
Dzanan Musa,musadz01
Caleb Swanigan,swanica01
Joe Chealey,chealjo01
Kalin Lucas,lucaska01
Donatas Motiejunas,motiedo01
Zhou Qi,qizh01
D.J. Stephens,stephdj01
Wade Baldwin,baldwwa01
Isaiah Hartenstein,harteis01
Drew Eubanks,eubandr01
Haywood Highsmith,highsha01
Chimezie Metu,metuch01
Quincy Pondexter,pondequ01
Quincy Acy,acyqu01
Deng Adel,adelde01
Trevon Duval,duvaltr01
Justin Patton,pattoju01
Thomas Welsh,welshth01
Angel Delgado,delgaan01
Vince Edwards,edwarvi01
Melvin Frazier,frazime01
Eric Moreland,moreler01
Brandon Goodwin,goodwbr01
Malachi Richardson,richama01
Jarred Vanderbilt,vandeja01
Jacob Evans,evansja02
Davon Reed,reedda01
Naz Mitrou-Long,mitrona01
DeVaughn Akoon-Purcell,akoonde01
Kostas Antetokounmpo,antetko01
Terrence Jones,joneste01
Yante Maten,matenya01
Sindarius Thornwell,thornsi01
Ron Baker,bakerro01
Isaac Bonga,bongais01
Chris Chiozza,chiozch01
Alize Johnson,johnsal02
Tyler Lydon,lydonty01
Jawun Evans,evansja01
Tyler Cavanaugh,cavanty01
Ike Anigbogu,anigbik01
Tyler Davis,davisty01
Donte Grantham,grantdo01
John Holland,hollajo02
Andre Ingram,ingraan01
George King,kingge03
Zach Lofton,loftoza01
Kobi Simmons,simmoko01
Tyler Ulis,ulisty01
Okaro White,whiteok01
